"Government deficit and debt in the EU-countries by unit, function,"
"country and time"

" "," "," ","2000","2001","2002","2003","2004","2005","2006","2007","2008","2009","2010","2011","2012","2013","2014","2015","2016","2017","2018","2019","2020","2021","2022"
"Mill. Euro (current prices)"
" ","Government EMU-surplus(+)/EMU-deficit(-)"
" "," ","Belgium",-203.9,616.1,-119.3,-5242.1,-708.9,-8417.8,779.0,227.7,-3852.8,-18817.0,-14844.3,-16279.8,-16676.2,-12294.9,-12313.8,-10057.8,-10164.1,-3043.3,-4002.2,-9533.0,-40850.8,-27280.0,-19608.9
" "," ","Bulgaria",15.6,108.0,-185.2,-7.1,376.6,386.8,731.2,-3.4,528.7,-1661.1,-1402.8,-724.7,-340.8,-305.8,-2315.0,-851.4,155.1,852.6,970.5,1319.1,-2345.7,-2819.9,-2484.6
" "," ","Cyprus",-236.3,-239.5,-490.1,-759.6,-513.2,-325.8,-166.9,566.1,164.6,-1014.7,-911.6,-1122.1,-1120.3,-1007.7,-1538.6,-163.5,48.6,384.6,-784.9,215.2,-1253.0,-461.8,676.5
" "," ","Denmark",3359.8,2099.1,-29.2,-257.4,4196.6,10546.0,11247.5,11716.9,7668.6,-6471.5,-6590.4,-5095.8,-8885.9,-3197.3,3041.4,-3187.7,370.1,5266.0,2298.9,12788.4,1183.1,13913.3,12722.0
" "," ","Estonia",-4.2,13.9,32.7,157.0,234.1,127.7,392.2,449.4,-440.0,-309.5,28.0,181.0,-51.5,34.2,141.9,23.4,-89.6,-113.3,-143.4,33.6,-1489.9,-766.6,-348.6
" "," ","Finland",9351.0,7197.0,6024.0,3678.0,3508.0,4367.0,6866.0,9556.0,8114.0,-4515.0,-4767.0,-2018.0,-4334.0,-5159.0,-6181.0,-5127.0,-3694.0,-1480.0,-1995.0,-2275.0,-13260.0,-6965.0,-2097.0
" "," ","France",-19494.0,-21216.0,-50180.0,-65480.0,-61184.0,-59256.0,-45163.0,-51180.0,-65026.0,-138934.0,-137410.0,-106104.0,-104043.0,-86468.0,-83941.0,-79697.0,-81261.0,-67962.0,-54095.0,-74705.0,-208236.2,-162079.3,-126795.9
" "," ","Greece",-5809.2,-8319.0,-9847.0,-14009.0,-17101.0,-12329.0,-12954.0,-15607.0,-24625.0,-36141.0,-25544.0,-21364.0,-17311.0,-24218.0,-6613.0,-10324.0,407.0,1391.0,1657.0,1575.0,-16048.0,-12663.0,-4892.0
" "," ","Ireland",5267.4,1171.3,-706.2,503.8,2028.5,2674.5,5132.1,527.8,-13167.0,-23517.2,-53764.1,-23320.5,-14863.1,-11473.4,-7047.4,-5358.1,-2071.4,-861.5,437.3,1691.3,-18703.6,-6599.9,8504.4
" "," ","Italy",-30086.0,-41606.0,-38743.0,-44876.0,-50524.0,-60978.0,-56154.0,-21643.0,-41989.0,-80772.0,-68314.0,-59240.0,-47844.0,-46032.0,-48080.0,-42248.0,-40765.0,-42010.0,-38353.0,-27004.0,-159457.0,-159908.0,-156442.0
" "," ","Croatia",-2082.5,-1182.5,-1320.1,-1425.3,-1937.6,-1116.9,-755.1,-942.3,-1131.1,-3205.8,-3053.4,-3477.6,-2456.4,-2463.0,-2273.4,-1582.0,-490.5,313.7,-27.8,120.8,-3686.2,-1461.7,75.7
" "," ","Latvia",-235.1,-182.4,-235.9,-164.3,-139.0,-66.1,-91.9,-127.5,-1043.2,-1806.1,-1545.4,-846.4,-311.7,-278.2,-381.4,-363.0,-5.8,-79.3,-216.8,-148.9,-1342.8,-2394.8,-1789.3
" "," ","Lithuania",-397.8,-482.5,-281.5,-210.7,-253.9,-72.1,-65.5,-236.8,-1008.0,-2452.6,-1934.5,-2802.0,-1059.5,-920.3,-220.0,-111.8,97.8,176.4,244.6,238.7,-3236.6,-648.2,-439.9
" "," ","Luxembourg",1274.6,1343.6,508.0,71.6,-392.8,-62.9,653.3,1642.3,1349.9,-82.0,-134.6,291.8,235.6,414.2,693.4,722.3,1064.0,795.1,1789.7,1387.0,-2222.4,416.3,-222.3
" "," ","Malta",-241.2,-277.0,-253.2,-431.1,-208.6,-145.6,-132.4,-118.7,-252.9,-195.8,-152.4,-210.0,-246.8,-177.5,-132.9,-85.7,119.1,393.2,255.2,73.3,-1284.6,-1140.7,-982.2
" "," ","Netherlands",5366.0,-2111.0,-10148.0,-15845.0,-9457.0,-2597.0,-191.0,-1436.0,807.0,-32596.0,-34130.0,-28890.0,-25673.0,-19528.0,-15136.0,-13411.0,899.0,10121.0,11628.0,14628.0,-29588.0,-19466.0,-898.0
" "," ","Poland",-7459.0,-10091.2,-10143.9,-11622.6,-10322.1,-9696.7,-9715.9,-5908.2,-13199.8,-22992.0,-26805.3,-18868.6,-14706.2,-16575.6,-14910.0,-11175.9,-10189.8,-6951.1,-1244.9,-3957.8,-36424.5,-10557.0,-24078.2
" "," ","Portugal",-4130.1,-6503.4,-4753.3,-8261.7,-9414.4,-9719.8,-6950.5,-5087.7,-6626.1,-17318.1,-20472.7,-13494.6,-10400.3,-8702.8,-12729.9,-7995.0,-3608.6,-5792.2,-716.1,247.2,-11669.0,-6215.3,-779.1
" "," ","Romania",-1865.3,-1559.5,-941.8,-728.7,-656.2,-640.5,-2078.7,-3526.3,-7942.1,-11933.2,-9106.0,-7706.2,-5352.5,-3258.0,-1795.5,-866.6,-4263.9,-4726.9,-5808.9,-9688.4,-20411.8,-17295.1,-17889.5
" "," ","Slovakia",-2828.0,-1726.4,-2165.4,-939.8,-805.1,-1132.6,-1631.9,-1155.2,-1667.9,-5223.4,-5138.7,-3089.3,-3205.1,-2143.8,-2370.1,-2135.4,-2092.1,-829.5,-908.6,-1140.1,-4999.4,-5194.7,-2215.6
" "," ","Slovenia",-797.0,-1034.7,-592.9,-681.0,-537.5,-385.6,-387.5,-17.2,-528.6,-2107.5,-2036.3,-2456.7,-1448.2,-5314.5,-2072.6,-1106.3,-776.2,-22.8,341.1,347.6,-3597.2,-2413.6,-1717.2
" "," ","Spain",-7520.0,-3189.0,-2374.0,-3009.0,-941.0,11421.0,21322.0,20287.0,-50731.0,-120576.0,-102193.0,-103606.0,-119100.0,-76838.0,-63097.0,-57235.0,-47893.0,-36228.0,-31224.0,-38116.0,-113199.0,-82262.0,-63736.0
" "," ","Sweden",8925.7,3787.1,-4015.3,-3624.6,602.5,5666.1,7021.1,11791.7,6734.2,-2712.1,-433.4,-1500.5,-4908.7,-6587.1,-6817.2,-74.8,4562.2,6644.2,3542.7,2564.1,-13475.0,78.6,6225.2
" "," ","Czech Republic",-2396.8,-4360.3,-5548.4,-6080.3,-2287.9,-3339.0,-2678.7,-896.3,-3183.3,-8094.6,-6556.9,-4461.0,-6336.2,-2047.3,-3275.6,-1091.6,1263.0,2914.7,1882.9,650.9,-12444.4,-12115.0,-8871.3
" "," ","Germany",-33422.0,-65729.0,-85177.0,-81921.0,-75436.0,-75959.0,-39429.0,6521.0,-2963.0,-77053.0,-112286.0,-23741.0,256.0,1124.0,16966.0,29068.0,36374.0,43652.0,65623.0,53024.0,-147698.0,-129741.0,-96910.0
" "," ","Hungary",-1558.4,-2400.2,-6312.9,-5418.0,-5528.4,-7085.8,-8530.7,-5205.7,-4098.3,-4493.5,-4416.8,-5323.5,-2330.1,-2655.7,-2948.7,-2260.3,-2088.9,-3123.7,-2798.1,-2999.5,-10422.4,-11018.3,-10544.7
" "," ","Austria",-5136.6,-1458.9,-3131.6,-4142.0,-11644.8,-6373.1,-6790.6,-3846.8,-4392.5,-15351.9,-13141.6,-7919.3,-6975.5,-6316.5,-9092.0,-3477.1,-5487.8,-3014.4,655.5,2254.0,-30437.2,-23458.7,-15839.8
" "," ","Euro area-20",-91364.9,-144915.5,-203953.8,-242987.4,-235428.1,-220347.1,-135718.7,-61620.9,-209008.8,-581988.4,-601745.5,-419508.5,-376628.0,-307763.3,-255418.8,-210664.0,-159389.7,-104209.4,-49835.3,-77086.1,-812258.9,-650703.9,-486457.2
" ","Government EMU-debt"
" "," ","Belgium",280959.5,286055.5,288110.8,285866.7,288418.8,294975.3,297494.9,300063.7,327683.2,347223.7,364132.1,389106.6,404752.3,414432.4,431384.3,438504.8,451619.9,454048.4,459388.5,467249.4,515211.9,548456.4,578063.2
" "," ","Bulgaria",10177.1,10269.8,8890.3,8126.5,7526.2,6388.6,5721.0,5296.9,4848.6,5112.5,5857.0,6285.0,7005.7,7147.6,11619.3,11871.6,14188.1,13182.6,12427.2,12311.1,15131.7,17013.2,19352.9
" "," ","Cyprus",6024.5,6660.9,7339.8,8184.8,9055.9,9595.9,9597.7,9461.9,8658.6,10139.0,10953.7,13057.9,15618.5,18706.5,19013.8,19296.8,19631.5,18935.6,21343.9,21565.9,25388.1,24744.7,23767.3
" "," ","Denmark",93084.0,89464.7,93174.5,89061.4,89394.7,79532.5,71183.3,63755.0,80547.5,92986.6,103472.9,114452.4,114025.7,113943.4,117801.4,108532.4,105450.1,105727.0,102597.3,104187.6,131859.7,123539.1,113586.0
" "," ","Estonia",315.6,333.4,442.9,489.7,499.9,533.1,628.1,617.5,749.4,1023.1,981.9,1027.4,1762.5,1934.2,2129.9,2077.4,2174.1,2174.0,2127.4,2373.4,5094.4,5533.5,6657.4
" "," ","Finland",61564.0,62825.0,63299.0,68508.0,71335.0,69397.0,69532.0,67340.0,67435.0,80200.0,94286.0,102829.0,115931.0,123726.0,133359.1,144443.0,147963.0,149457.0,151384.0,155613.0,177906.0,181944.0,196878.0
" "," ","France",870626.0,897446.0,956794.0,1050356.0,1123615.0,1189919.0,1194106.0,1252867.0,1370326.0,1607983.0,1701122.0,1807957.0,1892540.0,1977734.0,2039884.0,2101255.0,2188481.0,2254331.0,2310877.0,2374942.0,2657352.0,2823692.0,2949331.0
" "," ","Greece",148217.0,162971.0,171410.0,181510.0,199282.0,213976.0,225730.0,239915.0,264775.0,301062.0,330570.0,356235.0,305085.0,320498.0,319629.0,311729.0,315012.0,317481.0,334721.0,331144.0,341588.0,353848.0,356597.0
" "," ","Ireland",39494.0,40969.2,41987.4,43409.3,43888.9,44371.3,43723.8,47183.1,79621.0,104685.4,144229.6,189726.7,210026.1,215241.6,203381.6,201673.9,200635.0,201262.0,205847.5,203382.8,217884.8,236127.2,224760.6
" "," ","Italy",1353569.3,1420026.6,1436141.8,1471325.7,1526400.5,1591580.6,1657334.2,1677649.8,1738647.0,1839232.6,1920625.3,1973467.5,2054753.0,2136229.5,2202999.1,2239409.8,2285705.0,2329931.7,2381640.4,2410322.8,2573538.9,2679901.4,2757547.4
" "," ","Croatia",8441.0,9661.3,10397.5,11622.3,13210.7,15124.7,15534.8,16488.4,18559.3,22096.9,25790.4,28518.7,30747.0,35386.3,36741.7,37534.5,37575.8,38365.9,38664.6,39415.7,43780.8,45743.6,46334.0
" "," ","Latvia",1011.0,1304.4,1251.5,1410.2,1628.6,1638.8,1736.5,1935.1,4511.3,6957.0,8537.7,8948.5,9364.1,9172.0,9817.9,9089.1,10224.1,10492.6,10784.0,11209.1,12710.6,14688.4,15948.2
" "," ","Lithuania",2912.1,3185.2,3365.7,3395.1,3404.5,3701.9,4151.9,4609.7,4762.1,7528.5,10150.9,11629.3,13264.1,13550.8,14827.6,15880.8,15446.7,16540.3,15321.7,17526.1,23062.5,24535.5,25672.4
" "," ","Luxembourg",1722.6,1820.4,1862.8,1949.9,2207.2,2407.4,2804.1,3045.9,5852.4,5969.0,8094.5,8201.2,9700.3,10997.5,11316.6,11432.2,11010.3,12675.5,12567.6,13960.9,15875.8,17731.2,19175.3
" "," ","Malta",2654.0,2989.2,2927.3,3267.4,3449.6,3606.4,3472.9,3584.6,3837.0,4152.7,4462.5,4848.3,4907.4,5278.4,5433.3,5623.1,5769.7,5705.4,5662.1,5720.3,6974.7,8263.9,9000.5
" "," ","Netherlands",235879.0,238681.0,244916.0,256483.0,266332.0,274277.0,264157.0,266221.0,354036.0,354763.0,378762.0,401303.0,432462.0,447082.0,455886.0,446144.0,438532.0,420440.0,405899.0,394825.0,435475.0,449659.0,480548.0
" "," ","Poland",70735.4,83306.4,84224.1,83894.0,103059.1,119592.0,131958.8,147052.7,144651.7,166538.0,194894.8,192144.5,216868.9,224119.6,204509.3,216566.3,229014.4,241130.0,240804.6,245729.6,293124.1,306839.2,323054.6
" "," ","Portugal",69591.8,77908.0,85594.9,93333.4,102157.9,114552.9,122499.7,127625.5,135477.9,154014.0,179996.0,201459.4,217160.3,224077.6,230058.8,235746.1,245244.8,247174.5,249260.5,249977.5,270494.9,269089.0,272435.3
" "," ","Romania",7532.8,10917.2,10757.1,10309.5,11768.7,12397.6,12585.6,14099.4,16555.6,27295.7,36728.8,43937.9,49445.7,53429.3,58489.2,59494.1,62788.8,64555.9,70848.4,78095.7,102630.3,116641.9,134469.0
" "," ","Slovakia",10953.5,12369.5,12274.1,13125.0,14977.1,13945.3,15496.2,17194.1,19616.1,23305.7,27928.8,30979.9,38098.1,40742.0,40844.0,41413.4,42481.3,43572.4,44405.3,45305.6,54992.9,61237.8,63378.0
" "," ","Slovenia",5483.6,6035.5,6707.8,6943.8,7427.5,7690.1,8201.5,8013.6,8262.5,12517.5,13916.2,17216.6,19417.7,25520.1,30219.9,32087.4,31756.0,31893.0,32246.3,31752.4,37424.3,38878.5,41241.6
" "," ","Spain",374557.0,378883.0,384145.0,382775.0,389888.0,393479.0,392132.0,384662.0,440621.0,569535.0,649153.0,743043.0,927813.0,1025655.0,1084846.0,1113661.0,1145050.0,1183412.0,1208861.0,1223355.0,1345786.0,1428133.0,1502804.0
" "," ","Sweden",137290.4,139698.4,141390.6,146709.7,152019.2,152005.1,150536.4,136790.5,117708.1,132747.7,151873.4,155456.0,163584.7,173692.4,191307.6,202759.8,195264.7,194607.1,186321.6,171978.5,200526.7,195204.5,176776.5
" "," ","Czech Republic",11567.8,18322.2,22013.9,24530.7,28673.0,31385.6,35405.0,39606.2,42298.6,49824.4,59059.8,62576.1,71778.7,67096.2,65581.0,67943.9,64939.8,68520.7,67431.3,68492.7,81922.9,103255.7,124299.8
" "," ","Germany",1251530.5,1264266.9,1317679.6,1405194.6,1475183.2,1545669.5,1595311.5,1603669.1,1672576.3,1789213.3,2102672.3,2139149.2,2216704.5,2201917.7,2203742.6,2177230.8,2161570.5,2130325.0,2083675.3,2069889.2,2340848.9,2495538.2,2561675.4
" "," ","Hungary",28008.4,32818.1,41007.4,42348.3,50505.1,54075.6,62298.8,66503.3,73317.3,76528.1,79114.5,72881.6,77530.7,78882.3,79575.8,83833.8,87470.1,91265.8,93372.4,94233.4,105468.0,114630.7,121820.6
" "," ","Austria",141245.5,147154.2,151295.9,152688.1,157985.4,174403.5,180270.0,184674.5,201809.9,230014.6,244696.8,255683.8,261040.8,263229.5,280001.0,292264.6,296244.5,289951.3,285421.8,280540.4,315980.9,334284.0,350698.4
" "," ","Euro area-20",4866751.7,5021546.2,5187943.7,5441837.9,5700347.7,5964844.6,6103914.7,6216821.5,6727816.8,7470838.5,8199989.0,8615153.8,8987822.2,9280195.7,9515049.9,9645583.8,9822445.6,9928487.5,10030129.3,10122325.9,11190510.7,11817241.6,12263034.0

